Address,City,State,Zip Code,Latitude,Longitude,Number Of Bathrooms,Number of Bedrooms,Price,Price Per Square Foot,Square Feet,Year Built,Sold
3801 SW Pecan Cir,Bentonville,AR,72713,36.312013,-94.3447787,3,4,523525,215,2435,2024,0
5303 SW Tea Olive Ln,Bentonville,AR,72713,36.3350383,-94.2735046,3,4,509425,205,2485,2024,0
1470 Sweetbriar Way,Centerton,AR,72719,36.3487243,-94.3067785,3,4,489950,182,2698,2017,0
1903 SE Clark St,Bentonville,AR,72712,36.3535809,-94.190079,2,3,549900,300,1835,1978,0
5823 W Stoney Brook Rd,Rogers,AR,72758,36.3177856,-94.1970163,2,3,599000,259,2311,1996,0
519 S 14th St,Rogers,AR,72758,36.3265923,-94.1377103,4,5,402200,200,2011,2024,0
3899 Pasofino Loop,Springdale,AR,72764,36.2194559,-94.140201,3,4,589000,185,3185,2005,0
404 NW Saddlebrook Dr,Bentonville,AR,72712,36.3776904,-94.232975,2,4,546900,242,2263,2001,0
2721 W Perry Rd,Rogers,AR,72758,36.3021971,-94.1644741,3,4,3210000,1113,2885,1970,0
9617 Ledge Dr,Springdale,AR,72762,36.239159,-94.2436,4,5,1195000,403,2965,1996,0
4800 S Fieldcrest Ter,Rogers,AR,72758,36.2908079,-94.2265655,2,3,600000,283,2118,2024,0
531 Main St,Centerton,AR,72719,36.3639322,-94.28509,1,4,350000,209,1676,1970,0
10695 Stoney Point Rd,Lowell,AR,72745,36.2762479,-94.0956024,3,3,1200000,335,3580,2023,0
14150 S Mountain Rd,Lowell,AR,72745,36.2816142,-94.0687868,4,6,1150000,240,4785,1998,0
1137 Lexington Cir,Springdale,AR,72762,36.2248657,-94.1446989,4,3,409000,184,2224,2004,0
635 N East St,Rogers,AR,72756,36.3391643,-94.1098256,2,4,264900,170,1555,1978,0
2904 SW Grandshire Ave,Bentonville,AR,72713,36.350343,-94.24386,3,3,399900,195,2047,2024,0
2702 NE Waterfall Ave,Bentonville,AR,72712,36.3723561,-94.2102141,5,5,1350000,278,4850,2024,0
1015 N 12th St,Rogers,AR,72756,36.3444803,-94.1297275,1,3,239900,228,1050,1970,0
6140 W Knoll View Way,Rogers,AR,72758,36.2890103,-94.2031262,4,5,840000,214,3925,2006,0
2802 S 20th Pl,Rogers,AR,72758,36.291588,-94.148976,4,5,639900,209,3055,2022,0
6104 S 67th St,Cave Springs,AR,72718,36.2744475,-94.2102315,3,5,629900,204,3086,2014,0
1363 Shook Dr,Cave Springs,AR,72718,36.2580261,-94.2081499,2,3,399900,202,1982,2016,0
4603 W Mossy Oak Trl,Rogers,AR,72758,36.2698204,-94.1829363,4,4,655000,190,3440,2006,0
1314 S 4th St,Rogers,AR,72756,36.3217222,-94.1208646,1,2,195000,253,772,1980,0
5085 S Strathmore Station Dr,Rogers,AR,72758,36.2911774,-94.2112524,4,4,700000,235,2983,2004,0
2709 Nova Ave,Lowell,AR,72745,36.2639099,-94.1964715,4,4,672900,225,2991,2024,0
2717 Nova Ave,Lowell,AR,72745,36.2636819,-94.1964798,3,4,629900,225,2800,2023,0
2409 W Ash St,Rogers,AR,72758,36.3231703,-94.1536485,2,3,258500,200,1290,1996,0
4302 W Mockingbird Ln,Rogers,AR,72756,36.342838,-94.1783152,2,3,324900,199,1632,1980,0
14095 Pleasant Ridge Rd,Rogers,AR,72756,36.318488,-94.071477,2,2,580000,297,1952,2002,0
1326 Park St,Lowell,AR,72745,36.2773085,-94.1359234,3,4,418000,223,1874,2021,0
1607 W Mimosa St,Rogers,AR,72758,36.3174068,-94.1421303,3,2,324900,160,2031,1987,0
206 NW 5th St,Bentonville,AR,72712,36.3777762,-94.210772,5,4,1750000,547,3200,1918,0
1211 NE Waverly Way,Bentonville,AR,72712,36.3872028,-94.2005883,5,5,1400000,319,4384,2010,0
691 Saint Charles Pl,Centerton,AR,72719,36.3497206,-94.2712325,2,3,236900,215,1100,2023,0
661 Saint Charles Pl,Centerton,AR,72719,36.3502571,-94.27121,3,2,234900,214,1100,2023,0
6101 W Murfield Dr,Rogers,AR,72758,36.2734284,-94.2007046,3,3,565000,236,2392,2018,0
6101 W Star Light Dr,Rogers,AR,72758,36.269624,-94.201189,3,4,640000,229,2800,2023,0
607 W Gillian Ave,Rogers,AR,72758,36.2882805,-94.1261502,2,3,345000,218,1582,2011,0
10994 Murdock Rd,Bentonville,AR,72713,36.2743418,-94.2420271,2,4,345000,174,1978,1982,0
812 SE H St,Bentonville,AR,72712,36.3627032,-94.1998888,1,2,500000,427,1171,1980,0
6301 S 26th St,Rogers,AR,72758,36.2704806,-94.1590947,3,4,615000,217,2828,2006,0
755 Lyon Loop,Springdale,AR,72764,36.2369662,-94.1170981,4,3,459000,201,2280,2022,0
13924 La Faye Dr,Rogers,AR,72758,36.2859453,-94.0751153,4,5,580000,104,5583,1996,0
4801 Augustine Dr,Springdale,AR,72762,36.22366,-94.2131906,3,4,420000,195,2153,2010,0
2713 SE 5th St,Bentonville,AR,72712,36.3680743,-94.177255,3,3,475000,229,2078,1995,0
451 Halleck Coach Rd,Centerton,AR,72719,36.3637039,-94.2777498,3,4,442500,189,2340,2005,0
23 S Fiddlesticks Trl,Rogers,AR,72758,36.2939704,-94.2033464,6,5,1950000,333,5859,2000,0
1515 Park St,Lowell,AR,72745,36.2801189,-94.1353638,3,4,449000,218,2058,2020,0
514 Hook St,Bentonville,AR,72712,36.3777508,-94.2151403,3,2,1500000,709,2115,2022,0
2205 Douglas St,Bentonville,AR,72712,36.3607079,-94.1855972,2,3,550000,387,1421,1981,0
102 SE 11th St,Bentonville,AR,72712,36.359515,-94.2088554,2,4,465000,206,2256,2002,0
2010 Larry Ln,Bentonville,AR,72713,36.312013,-94.3447787,3,4,439950,205,2149,2024,0
10048 Phillips Cemetery Rd,Bentonville,AR,72713,36.2821336,-94.2519484,2,3,435000,302,1440,2010,0
1924 Florence Ave,Lowell,AR,72745,36.2530472,-94.17938,2,4,397500,214,1857,2013,0
1313 Park St,Lowell,AR,72745,36.2766468,-94.1354194,4,4,490140,211,2325,2024,0
1240 Whistler St,Centerton,AR,72713,36.340851,-94.294509,3,4,451675,203,2225,2023,0
101 Barbie Ln,Rogers,AR,72756,36.3335129,-94.1256953,4,3,686000,202,3392,1979,0
701 E Pleasant Vw,Rogers,AR,72756,36.3411973,-94.1059899,4,4,499900,162,3079,1978,0
924 Woodley Green Ln,Cave Springs,AR,72718,36.2521362,-94.2264873,3,4,549950,196,2800,2005,0
201 Gleneagle Dr,Cave Springs,AR,72718,36.2621157,-94.2217622,5,5,1150000,282,4085,2017,0
2510 SE 3rd St,Bentonville,AR,72712,36.3695717,-94.1821561,2,3,495500,359,1381,1995,0
3103 S G St,Rogers,AR,72758,36.2954068,-94.1082473,2,3,299900,201,1490,2006,0
561 Red Bud St,Centerton,AR,72719,36.3518673,-94.292182,2,3,281000,190,1477,2006,0
2607 S 15th Pl,Rogers,AR,72758,36.2917286,-94.1414204,5,6,737000,197,3740,2005,0
5301 SW Nandina Ln,Bentonville,AR,72713,36.3333633,-94.2730387,2,3,484149,213,2273,2024,0
3004 N 15th Pl,Rogers,AR,72756,36.3610101,-94.1398212,2,4,365000,200,1825,2016,0
910 Tennesee Ave,Centerton,AR,72719,36.3489359,-94.2699409,3,3,258900,207,1250,2023,0
890 Tennesee Ave,Centerton,AR,72719,36.3489359,-94.2699409,3,3,258900,207,1250,2023,0
900 Tennesee Ave,Centerton,AR,72719,36.3489359,-94.2699409,3,3,258900,207,1250,2023,0
4405 SW Bermuda Ave,Bentonville,AR,72713,36.3356145,-94.2622396,3,4,445000,187,2376,2006,0
4028 W Sommerset St,Rogers,AR,72758,36.2795788,-94.1995528,3,3,417600,285,1465,2024,0
406 E Laurel Ave,Rogers,AR,72758,36.2897499,-94.1123029,2,4,305000,203,1499,2014,0
608 N Main St,Bentonville,AR,72712,36.3793782,-94.2084501,1,3,749900,551,1361,1940,0
510 Ashwood St,Lowell,AR,72745,36.2635099,-94.187867,2,3,359000,211,1703,2022,0
507 Hillsview Ln,Cave Springs,AR,72718,36.2568719,-94.2024658,3,4,457500,206,2221,2016,0
3302 W Seneca Rd,Rogers,AR,72758,36.3173175,-94.1690941,3,4,498500,189,2640,1977,0
4717 W Mossy Oak Trl,Rogers,AR,72758,36.2686287,-94.1855772,3,4,635000,188,3384,2004,0
806 W Olive St,Rogers,AR,72756,36.3407168,-94.1261302,1,2,225000,313,720,1957,0
704 S 6th St,Rogers,AR,72756,36.3274465,-94.1233575,2,3,275000,196,1400,1979,0
2502 SW 18th St,Bentonville,AR,72713,36.353909,-94.239365,4,4,549900,205,2685,2023,0
2901 NW 3rd St,Bentonville,AR,72712,36.3755711,-94.2445307,2,3,395000,232,1702,2000,0
5101 S Haxton Cir,Bentonville,AR,72713,36.2918346,-94.2304119,4,4,1785000,361,4950,2022,0
206 SE 17th St,Bentonville,AR,72712,36.3524065,-94.2073509,2,3,309900,243,1276,1994,0
410 SW O St,Bentonville,AR,72712,36.3704069,-94.2311327,2,3,750000,361,2076,1988,0
1231 Bradley St,Centerton,AR,72719,36.3555055,-94.3008632,2,4,455000,211,2154,2019,0
220 Cherokee St,Lowell,AR,72745,36.2581571,-94.1802156,2,3,389900,210,1861,2009,0
641 Saint Charles Pl,Centerton,AR,72719,36.350357,-94.271355,3,2,234900,214,1100,2023,0
621 Saint Charles Pl,Centerton,AR,72719,36.35055,-94.27135,3,2,234900,214,1100,2023,0
505 & 515 E Oak St,Rogers,AR,72756,36.3256965,-94.1119033,2,5,599000,303,1980,1990,0
1315 Park St,Lowell,AR,72745,36.2766468,-94.1354194,3,4,487620,210,2325,2024,0
703 SE C St,Bentonville,AR,72712,36.3647545,-94.2054379,1,1,585000,975,600,1980,0
4600 SW Bedingfield St,Bentonville,AR,72712,36.3272342,-94.2430607,3,4,528000,223,2365,2017,0
6003 SW Peaceful Ave,Bentonville,AR,72713,36.331092,-94.280438,2,4,395000,195,2028,2022,0
212 W Laurel Ave,Rogers,AR,72758,36.2900768,-94.1338844,2,3,287900,215,1337,2023,0
1151 Spring Hollow Road,Bentonville,AR,72713,36.3408123,-94.265185,3,4,508000,229,2218,2019,0
6371 Cord Ave,Springdale,AR,72762,36.2310813,-94.2014051,2,4,294700,192,1537,2014,0
410 SW East St,Bentonville,AR,72712,36.3675696,-94.2153553,3,4,2099000,583,3599,2021,0
2506 Walker St,Bentonville,AR,72712,36.3788237,-94.181129,2,3,439941,351,1254,1987,0
3705 SW Hansom Loop,Bentonville,AR,72712,36.3587255,-94.2538652,3,3,355000,187,1903,2004,0
1503 E Stella Dr,Rogers,AR,72756,36.3147137,-94.0942402,3,3,465000,195,2380,2024,0
1830 Wagon Wheel Rd,Springdale,AR,72762,36.2260487,-94.1490372,6,3,565000,167,3379,1997,0
3906 SW Ridgepointe Ave,Bentonville,AR,72712,36.3621628,-94.2563785,2,3,339000,312,1086,2009,0
3803 SW Pecan Cir,Bentonville,AR,72713,36.312013,-94.3447787,3,4,501840,205,2448,2024,0
2606 W Olive St,Rogers,AR,72756,36.341354,-94.1574,3,3,395000,219,1800,2023,0
902 N 13th Pl,Rogers,AR,72756,36.3432376,-94.1357435,2,4,269000,209,1288,1972,0
515 NW D St,Bentonville,AR,72712,36.3794239,-94.2149556,5,5,4700000,1016,4628,1989,0
521 W Chestnut St,Rogers,AR,72756,36.3346002,-94.1222948,6,4,875000,283,3092,1950,0
11114 Pumpkin Hill Dr,Bentonville,AR,72712,36.3851508,-94.25066,3,3,649800,333,1950,1996,0
14471 Sunset Dr,Rogers,AR,72758,36.28872,-94.0637565,2,3,455000,219,2074,1980,0
84 W Champions Blvd,Rogers,AR,72758,36.2975922,-94.2035942,6,5,1600000,273,5858,2006,0
203 SE 12th St,Bentonville,AR,72712,36.3594087,-94.207009,2,3,400000,313,1276,1971,0
2607 N 2nd St,Rogers,AR,72756,36.3571895,-94.1158393,2,3,260000,206,1262,1961,0
1203 SW Willow Bend Ave,Bentonville,AR,72713,36.3329978,-94.2257665,2,3,395000,219,1805,2007,0
821 Boardwalk Ave,Centerton,AR,72719,36.3506626,-94.2700365,1,2,198000,248,800,2023,0
3977 Chesapeake St,Springdale,AR,72762,36.2204991,-94.152876,3,4,499999,202,2474,1996,0
585 Rainbow Rd,Cave Springs,AR,72718,36.269634,-94.208642,4,5,530000,196,2700,2023,0
3704 W Cherokee Rd,Rogers,AR,72758,36.3151411,-94.1715142,3,3,410000,178,2304,2007,0
5802 SW Macasin Ave,Bentonville,AR,72713,36.3723561,-94.2102141,2,4,416900,205,2034,2023,0
2504 SW 18th St,Bentonville,AR,72713,36.353913,-94.239579,4,4,549900,205,2685,2023,0
2500 SW 18th St,Bentonville,AR,72713,36.353905,-94.239151,4,4,549900,205,2685,2023,0
6323 W Valley View Rd,Rogers,AR,72758,36.2842045,-94.2117528,4,4,839900,247,3402,2006,0
403 Magnolia Dr,Bentonville,AR,72712,36.3768667,-94.2174179,3,3,1500000,821,1827,1980,0
1700 Parkview Pl,Bentonville,AR,72712,36.352549,-94.2082324,2,3,315000,227,1390,1995,0
2 S Samoset Ct,Rogers,AR,72758,36.2965705,-94.1943807,7,5,3590000,364,9871,2005,0
4 W Leiston Dr,Rogers,AR,72758,36.3004681,-94.1940608,6,6,1990000,226,8789,2006,0
1707 S Beth Dr,Rogers,AR,72758,36.3169786,-94.1477977,3,2,370000,202,1830,1994,0
2712 W Magnolia St,Rogers,AR,72758,36.3216264,-94.1600345,2,3,350000,165,2121,1976,0
3504 SW Aurora Ln,Bentonville,AR,72713,36.310297,-94.251493,4,5,725000,242,2994,2024,0
722 NW 6th St,Bentonville,AR,72712,36.3787515,-94.2190595,1,3,700000,583,1200,1956,0
2903 S East St,Rogers,AR,72758,36.2985184,-94.1130621,2,3,280000,207,1351,2014,0
14203 Pleasant Ridge Rd,Rogers,AR,72756,36.319307,-94.067485,2,3,260000,185,1408,1994,0
4655 Sadie St,Springdale,AR,72762,36.2284416,-94.1982431,2,4,334900,181,1850,2007,0
3000 N Dixieland Rd,Little Flock,AR,72756,36.3604359,-94.1435994,3,5,390000,164,2383,2000,0
1731 W Broadway Pl,Rogers,AR,72758,36.2880491,-94.1432795,3,3,415000,193,2151,2019,0
806 Carson Dr,Bentonville,AR,72712,36.382351,-94.2187792,2,3,499000,395,1262,1982,0
1015 W Rozell St,Rogers,AR,72756,36.3388191,-94.1288978,1,2,180000,231,780,1977,0
6515 W Alyssa Ln,Rogers,AR,72758,36.290719,-94.2074493,4,4,740000,184,4018,2006,0
812 SW 3rd St,Bentonville,AR,72712,36.371158,-94.2200204,2,2,750000,569,1319,1973,0
13876 Gentilly Rd,Rogers,AR,72758,36.2868471,-94.0759538,2,4,427571,137,3120,1997,0
2202 W Carolina Way,Rogers,AR,72758,36.2926374,-94.1518163,5,6,1200000,198,6070,2015,0
407 NW B St,Bentonville,AR,72712,36.3770302,-94.2115727,3,3,1400000,622,2252,1928,0
105 SE 14th St,Bentonville,AR,72712,36.3572119,-94.2084171,2,3,699999,553,1266,1972,0
824 S Chateau Dr,Rogers,AR,72758,36.3294185,-94.1565351,4,4,635000,168,3779,1981,0
402 SW 20th St,Bentonville,AR,72712,36.3500531,-94.2135744,3,3,429950,408,1053,1984,0
3 Brookhaven Ct,Bentonville,AR,72712,36.3714497,-94.1948813,2,3,420000,368,1141,1990,0
905 NW 10th St,Bentonville,AR,72712,36.3827743,-94.2223428,2,3,495000,355,1394,1968,0
6407 S Timber Ridge Dr,Rogers,AR,72758,36.2683296,-94.1789953,3,4,599687,187,3202,2006,0
961 Boardwalk Ave,Centerton,AR,72719,36.3506626,-94.2700365,3,2,234900,214,1100,2023,0
304 NW H St,Bentonville,AR,72712,36.3759328,-94.2199332,3,3,925000,449,2061,2018,0
13700 Crazy Horse Dr,Rogers,AR,72758,36.3154512,-94.0783696,3,4,584999,182,3215,2005,0
493 E Lowell Ave,Cave Springs,AR,72718,36.2592686,-94.2250406,2,3,599900,316,1898,1965,0
4203 SW Acres Ave,Bentonville,AR,72713,36.3348117,-94.2604564,3,4,530950,195,2725,2019,0
2816 W Rife Cir,Rogers,AR,72758,36.3308553,-94.1565351,4,3,489000,182,2685,1974,0
2406 SE 16th St,Bentonville,AR,72712,36.3543455,-94.1839166,2,3,410500,218,1883,1980,0
5200 S 43rd St,Rogers,AR,72758,36.2890208,-94.1749946,4,4,552000,190,2906,2003,0
840 Illinois Ave,Centerton,AR,72719,36.349915,-94.270754,1,2,198000,248,800,2023,0
831 Ventnor Ave,Centerton,AR,72719,36.3501369,-94.270873,2,3,236900,215,1100,2023,0
2005 SW Poppy St,Bentonville,AR,72713,36.3499849,-94.243837,3,4,499900,192,2600,2024,0
9966 Old Campbell Rd,Rogers,AR,72758,36.2889578,-94.0498419,7,5,4995000,600,8321,2022,0
812 E Southern Trace Dr,Rogers,AR,72758,36.2939976,-94.1061398,2,3,301620,220,1371,2023,0
3766 Rock Springs St,Springdale,AR,72762,36.2185756,-94.165634,3,4,430000,158,2714,2006,0
703 Bella Vista Rd,Bentonville,AR,72712,36.3800017,-94.2171376,4,4,965000,310,3110,1979,0
1006 S Dixieland Rd,Rogers,AR,72758,36.3233557,-94.1442791,2,4,310000,149,2081,1978,0
1100 E Longview Dr,Rogers,AR,72756,36.3140881,-94.100976,2,4,299000,207,1444,2002,0
9934 Monte Ne Estates Dr,Rogers,AR,72758,36.2885096,-94.0624791,3,4,425000,168,2523,1985,0
705 S 13th St,Rogers,AR,72758,36.3277494,-94.1340641,6,4,545000,155,3508,1948,0
29 W Wimbledon Way,Rogers,AR,72758,36.2972822,-94.209571,6,5,1999000,278,7203,2006,0
599 S Main St,Cave Springs,AR,72718,36.2559511,-94.2334556,3,3,2000000,834,2399,2000,0
113 Colville St,Lowell,AR,72745,36.2566872,-94.1841567,2,3,400000,206,1943,2016,0
3311 W Pawnee Rd,Rogers,AR,72758,36.3165519,-94.1698772,4,4,495000,174,2839,1974,0
8117 S Morning Star Rd,Bentonville,AR,72713,36.3275096,-94.2500881,3,3,890000,331,2686,1927,0
712 SW 3rd St,Bentonville,AR,72712,36.3711214,-94.2186591,3,4,680000,345,1973,1973,0
204 Woodland St,Lowell,AR,72745,36.259696,-94.192674,2,4,374900,204,1840,2022,0
6611 SW First Light St,Bentonville,AR,72713,36.3100483,-94.2508064,4,5,699900,239,2931,2024,0
9 S Windsor Dr,Rogers,AR,72758,36.3021535,-94.1942209,3,3,1150000,341,3377,1998,0
13034 Robbins Rd,Springdale,AR,72762,36.2373998,-94.2503269,4,3,539000,200,2698,2019,0
12790 Stoney Point Rd,Rogers,AR,72758,36.2881117,-94.0996378,2,3,640000,219,2918,1993,0
1507 McCollum Dr,Bentonville,AR,72712,36.3935529,-94.1871578,2,3,3250000,1112,2923,1971,0
33 W Pinnacle Dr,Rogers,AR,72758,36.3003432,-94.2006446,8,5,3495000,432,8099,2016,0
1108 SE 34th St,Bentonville,AR,72712,36.3370975,-94.196282,3,2,450000,296,1519,1994,0
861 Boardwalk Ave,Centerton,AR,72719,36.3506626,-94.2700365,2,3,236900,215,1100,2023,0
520 SE D St,Bentonville,AR,72712,36.3667119,-94.2047273,2,3,875000,699,1252,2000,0
514 SE D St,Bentonville,AR,72712,36.3668348,-94.2047258,2,3,875000,759,1153,2000,0
605 SW O St,Bentonville,AR,72712,36.3673412,-94.2270479,4,4,1850000,451,4102,1989,0
1311 SE C St,Bentonville,AR,72712,36.3571317,-94.205688,2,3,600000,361,1664,1983,0
1210 S C Ct,Rogers,AR,72756,36.3207089,-94.113142,2,3,294000,217,1352,2008,0
907 NW 11th St,Bentonville,AR,72712,36.3836711,-94.2208613,2,3,435000,318,1369,1980,0
1603 NE Rock St,Bentonville,AR,72712,36.3904839,-94.1958218,3,4,769000,251,3061,2005,0
851 Boardwalk Ave,Centerton,AR,72719,36.3506626,-94.2700365,3,2,234900,214,1100,2023,0
5718 S Berry Farm Dr,Rogers,AR,72758,36.2777915,-94.177495,3,5,535000,199,2688,2003,0
601 Chattin Cir,Bentonville,AR,72713,36.3068025,-94.2189394,5,4,1150000,246,4680,2013,0
116 Sussex Ave,Lowell,AR,72745,36.2732493,-94.1377424,2,3,498000,202,2469,2011,0
800 SW Thorncroft Ave,Bentonville,AR,72713,36.3245801,-94.2224029,4,4,675000,187,3601,2005,0
5206 SW Firethorn Ln,Bentonville,AR,72713,36.3341844,-94.2728343,3,4,447515,205,2183,2024,0
202 Doral Dr,Cave Springs,AR,72718,36.248738,-94.235746,4,3,527610,215,2454,2023,0
3611 S 3rd St,Rogers,AR,72758,36.2905442,-94.1219988,2,3,264900,219,1209,2023,0
306 N Main St,Bentonville,AR,72712,36.3755393,-94.20833,8,7,4600000,979,4700,2004,0
6405 S 63rd St,Rogers,AR,72758,36.269198,-94.2028349,3,4,629900,225,2800,2023,0
805 SE 5th St,Bentonville,AR,72712,36.3678096,-94.1999241,4,6,2700000,523,5163,2023,0
5500 SW Tea Olive Ln,Bentonville,AR,72713,36.335057,-94.2751053,3,4,447515,205,2183,2023,0
3909 SW Pecan Cir,Bentonville,AR,72713,36.312013,-94.3447787,3,4,499175,205,2435,2024,0
5209 SW Nandina Ln,Bentonville,AR,72713,36.3333633,-94.2730387,3,4,501840,205,2448,2024,0
3907 SW Pecan Cir,Bentonville,AR,72713,36.312013,-94.3447787,3,4,501840,205,2448,2024,0
3811 SW Pecan Cir,Bentonville,AR,72713,36.312013,-94.3447787,3,4,499900,204,2448,2024,0
3903 SW Pecan Cir,Bentonville,AR,72713,36.312013,-94.3447787,2,3,458000,201,2273,2024,0
514 S 14th St,Rogers,AR,72756,36.3265923,-94.1377103,3,4,441000,200,2205,2023,0
1030 Mammoth St,Bentonville,AR,72713,36.3435599,-94.295539,4,4,510051,202,2525,2023,0
1102 Hickory St,Cave Springs,AR,72718,36.248295,-94.219167,3,4,479950,195,2462,2023,0
940 Trestle,Bentonville,AR,72712,36.3439819,-94.295885,3,4,469650,202,2325,2023,0
405 W Central Ave,Bentonville,AR,72712,36.3721128,-94.2132941,4,5,3700000,1031,3590,2018,0
423 Mayflower Ave,Lowell,AR,72745,36.258089,-94.129129,4,2,285900,190,1504,2021,0
501 NW Jefferson St,Bentonville,AR,72712,36.374419,-94.214713,6,5,2487777,485,5127,2023,0
9 S Clubhouse Dr,Rogers,AR,72758,36.2970393,-94.2002243,7,4,3440000,344,10004,1991,0
2211 S Rainbow Rd,Rogers,AR,72758,36.3154913,-94.2110522,3,3,4000000,1376,2906,1975,0
11 S Newhaven Ct,Rogers,AR,72758,36.3041309,-94.2025125,6,6,1875000,301,6233,2011,0
2624 W Perry Rd,Rogers,AR,72758,36.3013631,-94.1592746,3,3,490000,237,2067,1980,0
519 N Old Wire Rd,Lowell,AR,72745,36.2621737,-94.1184508,2,3,265000,180,1469,1950,0
4708 SW Bedingfield St,Bentonville,AR,72713,36.3260106,-94.2423275,3,4,520000,209,2494,2017,0
201 Vicks Cir,Centerton,AR,72719,36.356298,-94.273424,3,4,469000,210,2234,2022,0
5208 SW Tea Olive Ln,Bentonville,AR,72713,36.3350309,-94.2728733,3,4,520000,209,2485,2024,0
200 Pebble Beach Dr,Cave Springs,AR,72718,36.250562,-94.2351377,3,4,470000,201,2335,2014,0
4326 Osprey St,Springdale,AR,72762,36.2239855,-94.1609138,4,3,355000,162,2189,2003,0
1311 Sessile Oak Way,Centerton,AR,72719,36.3606348,-94.2686727,3,3,419900,205,2050,2024,0
905 Covent Gdns,Cave Springs,AR,72718,36.2712706,-94.2163969,4,4,740000,227,3266,2014,0
5607 S Chadwick Dr,Rogers,AR,72758,36.2814203,-94.2169775,3,4,575000,220,2609,2006,0
2307 S The Peaks Blvd,Rogers,AR,72758,36.2999133,-94.1638941,4,5,675000,210,3218,2006,0
1709 W Broadway Pl,Rogers,AR,72758,36.2880281,-94.1414404,3,3,402000,218,1840,2018,0
3705 SW Grey Hawk Dr,Bentonville,AR,72713,36.3353658,-94.2686315,2,4,425000,195,2185,2004,0
616 W Center Ave,Springdale,AR,72764,36.1873743,-94.1362835,2,4,342500,184,1862,1895,0
229 W End St,Springdale,AR,72762,36.1836364,-94.1471771,3,4,299000,232,1288,1955,0
608 N West End St,Springdale,AR,72764,36.1933236,-94.1476016,3,4,425000,163,2614,1991,0
904 Mill St,Springdale,AR,72764,36.195395,-94.1298489,2,4,389900,145,2684,1938,0
2007 Green Meadows Ave,Springdale,AR,72764,36.1543565,-94.109446,2,3,380000,183,2075,2005,0
3612 Belinda Ln,Springdale,AR,72764,36.1526071,-94.1166185,2,4,335000,181,1850,2004,0
3364 Sundance St,Springdale,AR,72764,36.154217,-94.103512,2,4,399900,206,1940,2022,0
2679 Suncrest Ave,Springdale,AR,72764,36.154931,-94.101713,3,4,389000,187,2078,2022,0
520 N Willow Ave,Fayetteville,AR,72701,36.0706642,-94.1541557,2,4,675000,263,2568,1885,0
557 N Assembly Dr,Fayetteville,AR,72701,36.0710479,-94.1479576,3,3,914900,317,2888,2022,0
822 N Garland Ave,Fayetteville,AR,72701,36.0757878,-94.1751546,3,3,445000,323,1376,1936,0
992 W Hickory St,Fayetteville,AR,72703,36.083937,-94.1736744,4,3,500000,203,2459,2019,0
1911 W Lawson St,Fayetteville,AR,72703,36.0808916,-94.1868777,1,2,229000,215,1064,1965,0
2300 W Holly St,Fayetteville,AR,72703,36.0804908,-94.1910794,1,3,205000,141,1458,1963,0
2365 W Wedington Dr,Fayetteville,AR,72701,36.0778431,-94.1929076,1,3,239000,215,1112,1946,0
602 W 15th St,Fayetteville,AR,72701,36.0485708,-94.167594,2,2,235000,223,1056,1956,0
883 S Cherry Ln,Fayetteville,AR,72701,36.0535455,-94.1316062,2,3,257000,250,1028,1990,0
1731 E Paddock Rd,Fayetteville,AR,72701,36.0621033,-94.1368029,3,3,424900,230,1850,2021,0
3050 E Wyman Rd,Fayetteville,AR,72701,36.0584404,-94.1187365,2,3,240000,163,1473,1947,0
2668 E Huntsville Rd,Fayetteville,AR,72701,36.0542104,-94.1243492,1,2,399500,293,1364,1946,0
1987 S Doral Dr,Fayetteville,AR,72701,36.0413461,-94.1020147,3,5,545500,196,2783,2016,0
533 E Double Eagle Pl,Fayetteville,AR,72701,36.0293681,-94.1549555,3,4,540000,203,2658,2008,0
934 N Applebury Dr,Fayetteville,AR,72701,36.0747929,-94.1377224,3,4,689900,216,3200,1999,0
1280 E Columbus Blvd,Fayetteville,AR,72701,36.0787145,-94.1420401,3,4,549750,154,3561,1980,0
203 W Miller St,Fayetteville,AR,72703,36.087177,-94.1621543,2,4,350000,199,1755,1945,0
2068 N Ball Ave,Fayetteville,AR,72703,36.0891838,-94.1267098,2,4,475000,190,2494,1993,0
1480 N Desoto Pl,Fayetteville,AR,72703,36.0813148,-94.1538082,3,3,494999,218,2273,2017,0
1824 N Clifton Ave,Fayetteville,AR,72701,36.0862802,-94.1291679,3,3,680000,256,2654,2018,0
885 E Township St,Fayetteville,AR,72703,36.0947152,-94.1458184,2,3,374500,255,1466,2008,0
2629 N Sierra Ave,Fayetteville,AR,72703,36.0992861,-94.1545268,2,4,419980,231,1822,2007,0
2647 N Wallis,Fayetteville,AR,72703,36.099407,-94.130073,3,3,525000,254,2067,2023,0
337 N Technology Way,Fayetteville,AR,72704,36.0679976,-94.2076495,3,4,525000,238,2202,2012,0
916 E Lighton Trl,Fayetteville,AR,72701,36.0626715,-94.1461583,3,4,675000,229,2950,1988,0
2383 N Yorkwood Dr,Fayetteville,AR,72703,36.094606,-94.1342245,2,3,498000,285,1746,1977,0
2616 N Justin Dr,Fayetteville,AR,72704,36.0996773,-94.1891185,3,4,449900,180,2500,2022,0
2954 N Dorchester Dr,Fayetteville,AR,72703,36.1053006,-94.1608544,3,5,569000,177,3210,2003,0
2811 S Denver Ave,Fayetteville,AR,72701,36.0337871,-94.1688783,2,4,339070,205,1654,2023,0
1916 W Arrowhead St,Fayetteville,AR,72701,36.0431877,-94.1882382,2,3,309950,299,1036,1966,0
10 S Palmer Ave,Fayetteville,AR,72701,36.0630749,-94.1828563,4,5,879000,294,2990,1966,0
3871 W Song Bird Pl,Fayetteville,AR,72704,36.100866,-94.2151158,2,3,379900,208,1829,2007,0
2949 N Bluegrass Pl,Fayetteville,AR,72704,36.1062557,-94.2118929,2,3,328000,214,1533,2004,0
3123 W Howard Nickell Rd,Fayetteville,AR,72704,36.1172237,-94.2032088,4,3,775000,276,2806,1982,0
2247 N Covington Park Blvd,Fayetteville,AR,72703,36.0914821,-94.1091263,5,4,700000,194,3605,2007,0
3129 E Skillern Rd,Fayetteville,AR,72703,36.0998862,-94.1061834,2,3,459000,155,2960,1960,0
2951 N Oakland Zion Rd,Fayetteville,AR,72703,36.1042231,-94.100976,2,3,625000,212,2952,2002,0
3230 E Charing Cross,Fayetteville,AR,72703,36.1089736,-94.1262501,3,4,599000,201,2985,1991,0
2838 E Brandon Cir,Fayetteville,AR,72703,36.11533,-94.1207147,7,4,1150000,183,6296,1992,0
4118 Legacy Dr,Springdale,AR,72762,36.1495838,-94.1692541,4,5,1215000,266,4564,2014,0
2209 Jean St,Springdale,AR,72762,36.1655011,-94.168874,2,3,229000,226,1014,1975,0
11068 Black Oak Addition,Fayetteville,AR,72701,36.0028409,-94.115664,3,3,424900,221,1920,1988,0
215 S Peerson St,Fayetteville,AR,72701,35.9918704,-94.1759747,5,5,945000,182,5200,1927,0
4137 N Bentwood Ln,Fayetteville,AR,72703,36.1261471,-94.129028,7,6,1395000,189,7396,1996,0
3766 Rock Springs St,Springdale,AR,72762,36.2185756,-94.165634,3,4,430000,158,2714,2006,0
3977 Chesapeake St,Springdale,AR,72762,36.2204991,-94.152876,3,4,499999,202,2474,1996,0
1137 Lexington Cir,Springdale,AR,72762,36.2248657,-94.1446989,3,4,409000,184,2224,2004,0
755 Lyon Loop,Springdale,AR,72764,36.2369662,-94.1170981,3,4,459000,201,2280,2022,0
6371 Cord Ave,Springdale,AR,72762,36.2310813,-94.2014051,2,4,294700,192,1537,2014,0
9617 Ledge Dr,Springdale,AR,72762,36.239159,-94.2436,4,4,1195000,403,2965,1996,0
507 Hillsview Ln,Cave Springs,AR,72718,36.2568719,-94.2024658,3,4,454500,205,2221,2016,0
204 Woodland St,Lowell,AR,72745,36.259696,-94.192674,2,4,374900,204,1840,2022,0
1712 W Emma Ave,Springdale,AR,72762,36.1855445,-94.1513564,3,4,335000,118,2848,1965,0
305 Paradise Ln,Springdale,AR,72762,36.1826413,-94.1642741,2,4,298000,160,1857,1964,0
849 N Elm Springs Rd,Springdale,AR,72762,36.2079685,-94.2142522,5,4,2275000,363,6260,2017,0
4022 Als Dr,Springdale,AR,72762,36.223355,-94.2316133,3,4,5855000,1763,3321,2003,0
811 Dollar St,Cave Springs,AR,72718,36.2505343,-94.2191195,2,3,380000,211,1801,2015,0
493 E Lowell Ave,Cave Springs,AR,72718,36.2592686,-94.2250406,2,3,599900,316,1898,1965,0
5965 Ervin McGarrah Rd,Lowell,AR,72745,36.2365489,-94.081003,3,4,575000,158,3639,2020,0
220 Cherokee St,Lowell,AR,72745,36.2581571,-94.1802156,2,3,389900,210,1861,2009,0
4084 N Bridlewood Dr,Springdale,AR,72764,36.1242798,-94.0620001,4,4,895000,236,3795,2012,0
212 Robinson Ave,Lowell,AR,72745,36.2617236,-94.140201,2,3,265000,179,1480,1982,1
625 Prairie St,Lowell,AR,72745,36.2648305,-94.1419811,2,3,300000,207,1452,2000,1
800 Greenway St,Lowell,AR,72745,36.2669867,-94.1451787,3,3,315000,171,1839,2000,1
915 Honeysuckle St,Lowell,AR,72745,36.2686455,-94.1271294,1,3,290000,168,1724,1978,1
1210 Queensbury St,Lowell,AR,72745,36.2749317,-94.1404609,3,4,380000,161,2364,2015,1
409 Center Dr,Lowell,AR,72745,36.2477026,-94.1406743,2,4,355000,152,2337,1995,1
224 Center Dr,Lowell,AR,72745,36.2507098,-94.1412605,3,3,385000,171,2250,1994,1
201 Bluff Dr,Lowell,AR,72745,36.2522044,-94.140241,2,3,288000,198,1452,1993,1
214 Overhill Dr,Lowell,AR,72745,36.257194,-94.1421401,2,3,317000,137,2313,1976,1
121 Sussex Ave,Lowell,AR,72745,36.2728098,-94.1382221,2,3,389500,188,2070,2013,1
107 Carrington Ave,Lowell,AR,72745,36.2722732,-94.1370064,3,3,315000,156,2018,2010,1
111 Windsor Ave,Lowell,AR,72745,36.2748469,-94.1374026,2,3,343000,194,1772,2013,1
1320 5th Ave,Lowell,AR,72745,36.277257,-94.134964,3,4,395000,201,1964,2021,1
1413 Park St,Lowell,AR,72745,36.2783414,-94.1354037,3,4,417000,203,2058,2021,1
1523 Park St,Lowell,AR,72745,36.2808624,-94.1352638,3,4,398000,203,1964,2019,1
1523 Canal Pl,Lowell,AR,72745,36.2808501,-94.1342801,3,4,425000,189,2252,2019,1
1609 Honeysuckle St,Lowell,AR,72745,36.2813426,-94.1268496,2,3,226000,141,1599,1986,1
2608 W Murfield Dr,Rogers,AR,72758,36.2722124,-94.1603745,4,4,661900,212,3122,2013,1
1024 Domingo Ln,Springdale,AR,72764,36.1731365,-94.0491077,2,3,341900,196,1742,2023,1
1032 Domingo Ln,Springdale,AR,72764,36.1731365,-94.0491077,2,3,325500,194,1678,2023,1
400 Marsanne Ln,Springdale,AR,72764,36.259154,-94.11748,2,4,360000,194,1860,2023,1
113 Saint Vincent St,Lowell,AR,72745,36.2542074,-94.177635,2,3,400000,206,1943,2015,1
112 Spring Creek Rd,Lowell,AR,72745,36.2542597,-94.1730943,2,3,355000,193,1838,1986,1
1605 Ridgewood Ave,Lowell,AR,72745,36.2652121,-94.1713542,3,4,595000,220,2710,2019,1
6503 S 35th St,Rogers,AR,72758,36.2668249,-94.166934,3,4,630000,217,2901,2010,1
4312 W Baltimore Dr,Rogers,AR,72758,36.2712933,-94.1801156,2,3,305000,217,1408,2013,1
4615 W Buckeye Dr,Rogers,AR,72758,36.2702928,-94.1882084,4,4,604000,205,2950,2015,1
6210 S 38th St,Rogers,AR,72758,36.2715295,-94.1702941,2,3,359900,195,1846,2015,1
3803 W Amour Dr,Rogers,AR,72758,36.2763507,-94.1702941,2,3,330000,200,1651,2006,1
4506 W Canopy Meadows Dr,Rogers,AR,72758,36.2796391,-94.1821161,3,4,589000,223,2644,2016,1
4605 W Warbal Trl,Rogers,AR,72758,36.281193,-94.1836366,3,4,566500,202,2798,2012,1
5409 S 44th St,Rogers,AR,72758,36.2823474,-94.1778151,3,3,550000,180,3060,2002,1
222 Colville St,Lowell,AR,72745,36.257998,-94.1847769,2,3,360000,214,1682,2009,1
2001 W Brooks Pl,Rogers,AR,72758,36.2901544,-94.1478176,2,3,415000,201,2060,2013,1
2701 S Laurel Crossing Cir,Rogers,AR,72758,36.2907755,-94.1371827,4,4,689500,200,3456,2001,1
2703 S Creekside Dr,Rogers,AR,72758,36.2928453,-94.1506967,3,4,675000,220,3074,2012,1
1724 W Cunningham Ave,Rogers,AR,72758,36.2960987,-94.1440392,3,3,435000,195,2226,2004,1
1900 W Linda Ln,Rogers,AR,72758,36.3027995,-94.1458784,3,4,495000,200,2470,2016,1
2905 S East St,Rogers,AR,72758,36.298307,-94.1130621,2,3,305000,206,1480,2015,1
440 E Meadow Wood Ln,Rogers,AR,72758,36.2989866,-94.1105048,2,3,265000,196,1349,2008,1
409 E Meadow Wood Ln,Rogers,AR,72758,36.2994252,-94.1137414,2,3,283000,187,1511,2008,1
1101 W Price Ln,Rogers,AR,72758,36.2976923,-94.1321658,3,3,825000,478,1725,1988,1
904 W Nursery Rd,Rogers,AR,72758,36.303607,-94.1298496,2,4,341990,187,1831,2023,1
2207 S 18th St,Rogers,AR,72758,36.3041711,-94.1404409,2,3,379900,181,2104,2005,1
1714 S 11th Pl,Rogers,AR,72756,36.315688,-94.132687,2,3,374500,231,1620,2021,1
1617 S 11th Pl,Rogers,AR,72756,36.3174163,-94.1320659,2,3,330000,223,1483,2020,1
1204 W Olrich St,Rogers,AR,72756,36.3189538,-94.133445,2,3,385000,177,2176,1997,1
1207 W Countrywood Cir,Rogers,AR,72756,36.3210575,-94.1337248,3,3,372500,169,2199,1984,1
1206 W Ash St,Rogers,AR,72756,36.3221541,-94.1325655,2,4,435000,190,2293,1980,1
906 S 22nd St,Rogers,AR,72758,36.3256472,-94.1501168,2,3,255000,178,1430,1965,1
914 S Dixieland Rd,Rogers,AR,72758,36.3252603,-94.1441991,2,2,229900,228,1008,1985,1
802 S La Rouge Ct,Rogers,AR,72758,36.3295027,-94.1547155,3,4,470400,169,2783,1978,1
2610 W Chateau Dr,Rogers,AR,72758,36.3323831,-94.1593946,3,3,406000,177,2288,1988,1
1708 W Walnut St,Rogers,AR,72756,36.3334971,-94.1412605,2,4,445000,221,2016,2000,1
1817 S 27th Pl,Rogers,AR,72758,36.3132357,-94.1600545,4,4,575000,158,3650,2000,1
218 SE 7th St,Bentonville,AR,72712,36.3649408,-94.207049,3,3,900000,368,2445,2018,1
837 SE 5th St,Bentonville,AR,72712,36.3679941,-94.1994539,5,4,1300000,310,4200,2023,1
304 SW 3rd St,Bentonville,AR,72712,36.3698827,-94.2118529,3,4,1150000,400,2873,2017,1
902 Castle Ln,Bentonville,AR,72712,36.3816209,-94.1908593,3,4,897000,299,3002,1978,1
3 Greenridge Ln,Bentonville,AR,72712,36.3911372,-94.2090906,2,4,428770,252,1703,1994,1
21 Greenridge Ln,Bentonville,AR,72712,36.3909612,-94.2068889,2,4,500000,286,1750,1997,1
1703 Kimberly Pl,Bentonville,AR,72712,36.3933556,-94.2198403,3,3,370000,208,1780,1988,1
2902 Northaven Dr,Bentonville,AR,72712,36.4007835,-94.2085302,3,4,505000,247,2046,1997,1
35 Valley View Cir,Bentonville,AR,72712,36.4020141,-94.2065487,3,4,649000,253,2561,1997,1
2301 SW 15th St,Bentonville,AR,72713,36.3560238,-94.2360048,2,3,321000,211,1521,2001,1
1900 SW Birch St,Bentonville,AR,72713,36.3525225,-94.2328148,2,3,410000,200,2049,2015,1
503 SW Duke Ave,Bentonville,AR,72712,36.369267,-94.2418668,2,4,478000,236,2023,2001,1
4400 SW Cornerstone Rd,Bentonville,AR,72713,36.3306526,-94.2562091,2,4,415000,206,2014,2018,1
3802 SW Ridgeway St,Bentonville,AR,72713,36.3345632,-94.2525831,3,4,485000,179,2708,2015,1
5002 SW Peregrine Ave,Bentonville,AR,72713,36.3346022,-94.2704951,3,4,440000,153,2870,2005,1
721 Skylar St,Bentonville,AR,72113,36.33943,-94.274264,3,4,432000,203,2128,2022,1
3308 SW Brittany Rd,Bentonville,AR,72713,36.3392199,-94.2671887,3,4,467000,203,2298,2018,1
7200 SW Chalkstone Rd,Bentonville,AR,72713,36.3057262,-94.2633502,2,4,350900,150,2347,2023,1
3505 SW Aurora Ln,Bentonville,AR,72713,36.309789,-94.251501,4,4,737900,244,3024,2023,1
9180 SW Lee Harris Rd,Bentonville,AR,72712,36.3078817,-94.2814545,4,4,892500,293,3050,2015,1
1507 SW Wisteria Ave,Bentonville,AR,72713,36.3204096,-94.2304119,4,4,670000,216,3100,2013,1
1606 SW Hayfield Ave,Bentonville,AR,72713,36.3292806,-94.2311127,4,4,657500,207,3170,2016,1
10801 Murdock Rd,Bentonville,AR,72713,36.2778792,-94.2448311,2,3,306000,211,1452,1993,1
583 Venters Dr,Cave Springs,AR,72718,36.2555963,-94.2267276,2,4,389000,176,2206,2005,1
12842 Wood Duck Ln,Springdale,AR,72762,36.2403746,-94.2412856,3,4,747000,214,3495,2000,1
8013 Willowood Ct,Springdale,AR,72762,36.2361026,-94.2276887,4,4,685000,221,3095,2016,1
7120 Sunset Ridge Cir,Springdale,AR,72762,36.2391792,-94.206969,4,4,570000,163,3496,2004,1
6955 Sunset Ridge Cir,Springdale,AR,72762,36.2393586,-94.2048674,4,4,875000,226,3865,2020,1
1514 Crestwood Hills Ln,Cave Springs,AR,72718,36.2577259,-94.2040469,3,4,472000,182,2595,2017,1
5805 S 67th St,Cave Springs,AR,72718,36.2787016,-94.209511,3,4,489000,202,2420,2014,1
6204 S 62nd St,Rogers,AR,72758,36.2725652,-94.2018053,3,3,510500,237,2154,2019,1
650 Kensington St,Cave Springs,AR,72718,36.272559,-94.2158364,4,4,715000,213,3358,2015,1
6400 S 63rd St,Rogers,AR,72758,36.269735,-94.203517,4,4,649900,223,2910,2023,1
1431 Cave Stream Dr,Cave Springs,AR,72718,36.2703524,-94.2046073,3,3,460000,204,2260,2020,1
1427 Allens Mill Way,Cave Springs,AR,72718,36.2739345,-94.2049675,3,4,530000,225,2359,2021,1
554 Kensington St,Cave Springs,AR,72718,36.2711211,-94.2158364,4,4,773900,217,3572,2015,1
402 Birkshire Rd,Cave Springs,AR,72718,36.2679291,-94.2103917,5,5,1241000,270,4597,2020,1
509 Hampton Park Bnd,Cave Springs,AR,72718,36.2689579,-94.2075895,2,3,336000,242,1390,2012,1
6205 W Star Light Dr,Rogers,AR,72758,36.269665,-94.202879,3,4,629900,225,2800,2023,1
3407 Shook Dr,Springdale,AR,72762,36.2027571,-94.1695741,2,3,330000,178,1858,1978,1
4379 Carriage Crossing Ln,Springdale,AR,72762,36.2044176,-94.1778151,3,4,500000,187,2669,2005,1
2149 Gas Light Cv,Springdale,AR,72762,36.2045524,-94.1763748,3,4,512000,177,2899,2006,1
2559 Raintree Cir,Springdale,AR,72762,36.208016,-94.1790153,4,5,600000,173,3460,2005,1
5317 Clear Springs Ave,Springdale,AR,72762,36.205133,-94.1884777,2,4,404738,206,1964,2023,1
5915 Poppy Ave,Springdale,AR,72762,36.209375,-94.1953168,3,4,550000,191,2874,2022,1
1929 Wilkes Ave,Springdale,AR,72762,36.2051513,-94.202866,6,5,700000,133,5258,2007,1
1224 W Huntsville Ave,Springdale,AR,72764,36.189146,-94.1426213,4,4,460000,100,4609,1949,1
703 Sherman St,Springdale,AR,72764,36.1909951,-94.1449388,2,3,230000,140,1646,1970,1
1801 Lawrence Ave,Springdale,AR,72762,36.1928906,-94.1519563,2,3,273000,137,1997,1964,1
715 Morrison Pl,Springdale,AR,72762,36.1944403,-94.1554954,2,3,240000,167,1437,1965,1
505 Betty St,Springdale,AR,72762,36.1900582,-94.1701541,2,3,247000,196,1259,1982,1
1704 Granada St,Springdale,AR,72762,36.2012892,-94.1600795,4,4,548000,132,4154,1992,1
1984 Silverado Pl,Springdale,AR,72762,36.2016629,-94.1553554,2,3,364900,175,2085,2002,1
3275 Thornbury Dr,Springdale,AR,72764,36.2136918,-94.1471779,5,5,865000,183,4720,2007,1
1555 London Ter,Springdale,AR,72764,36.2199002,-94.1457185,2,3,335000,186,1800,1998,1
1308 W Stultz Rd,Springdale,AR,72764,36.2216299,-94.1422,2,2,335000,189,1774,1980,1
6200 W Tumbler Rdg,Rogers,AR,72758,36.2813197,-94.2019405,3,4,565000,209,2708,2017,1
6002 W Woodbine Dr,Rogers,AR,72758,36.2826723,-94.1999842,4,4,520000,219,2372,2015,1
5604 S 59th St,Rogers,AR,72758,36.2834592,-94.1986434,4,6,860000,238,3610,2021,1
6105 W Noble St,Rogers,AR,72758,36.285294,-94.2013462,3,4,714250,201,3560,2006,1
5301 S 60th Pl,Rogers,AR,72758,36.2877088,-94.1992437,4,5,730000,184,3968,2007,1
6101 W Laurel Hill Ln,Rogers,AR,72758,36.2857285,-94.2004816,4,4,608400,181,3361,2006,1
6513 W Pleasant Way,Rogers,AR,72758,36.2898504,-94.2070074,3,3,413000,220,1874,2016,1
6602 W Braebourne Dr,Rogers,AR,72758,36.2813183,-94.2090506,3,4,560000,199,2812,2003,1
5603 S Chadwick Dr,Rogers,AR,72758,36.2814168,-94.216477,3,5,563000,199,2826,2007,1
713 Cannon Cv,Cave Springs,AR,72718,36.26616,-94.22324,2,4,465165,227,2048,2023,1
3812 W Pawnee Rd,Rogers,AR,72758,36.3161547,-94.1727544,3,3,370000,211,1752,2016,1
4606 W Centre Ct,Rogers,AR,72758,36.3271168,-94.1838166,4,4,455000,132,3434,1987,1
5913 W Willow St,Rogers,AR,72758,36.3260465,-94.1975027,2,3,427000,215,1987,2013,1
6115 S 37th St,Rogers,AR,72758,36.273083,-94.168794,2,3,328000,202,1624,2012,1
3603 W Olive St,Rogers,AR,72756,36.3422114,-94.1708341,2,3,333500,179,1861,2004,1
3902 W Mockingbird Ln,Rogers,AR,72756,36.3427393,-94.1738744,2,3,334000,184,1820,1989,1
1204 N 35th St,Rogers,AR,72756,36.3467712,-94.167894,2,3,425000,184,2312,1995,1
902 N 37th St,Rogers,AR,72756,36.3430624,-94.1700541,2,3,315000,196,1611,1994,1
905 N Quail Ter,Rogers,AR,72756,36.3435955,-94.1717342,2,3,350000,160,2184,1995,1
3607 W Center St,Rogers,AR,72756,36.3442432,-94.1695141,2,3,350000,195,1791,1995,1
3009 W Parkwood Dr,Rogers,AR,72756,36.3386922,-94.156963,2,3,278000,144,1934,1979,1
2604 W Magnolia St,Rogers,AR,72758,36.3216071,-94.1581548,2,3,360000,169,2132,1976,1
1700 S 26th St,Rogers,AR,72758,36.3177284,-94.1578749,2,3,424000,271,1566,1976,1
1615 S Beth Dr,Rogers,AR,72758,36.3179507,-94.1477977,2,3,340000,207,1641,1992,1
1119 S 13th St,Rogers,AR,72758,36.3238564,-94.1340646,4,4,480000,156,3085,1997,1
905 S 12th Pl,Rogers,AR,72756,36.3256921,-94.1323057,2,3,315000,178,1770,1977,1
1020 S 3rd St,Rogers,AR,72756,36.3242864,-94.1197356,2,3,329000,196,1681,1930,1
115 E Glendale Ln,Rogers,AR,72758,36.3094348,-94.1159165,2,3,320000,204,1566,2017,1
1007 E Olrich St,Rogers,AR,72756,36.3177614,-94.1017151,3,3,344400,204,1692,2020,1
2720 S Dixieland Rd,Rogers,AR,72758,36.2924252,-94.1451187,3,4,405000,151,2684,1950,1
2701 S Taylor Ct,Rogers,AR,72758,36.2936138,-94.1437593,3,4,575000,190,3031,2017,1
6508 S Timber Ridge Dr,Rogers,AR,72758,36.2662381,-94.1771149,3,3,500000,194,2578,2006,1
2012 Quinlan Ave,Lowell,AR,72745,36.2585922,-94.1804757,2,4,400000,208,1921,2016,1
2305 Hickory Wood Ave,Lowell,AR,72745,36.259516,-94.1873378,2,4,300000,206,1453,2019,1
1702 Shook Dr,Cave Springs,AR,72718,36.2562288,-94.2015051,3,4,489250,187,2619,2018,1
1300 Chancery Ln,Cave Springs,AR,72718,36.2789179,-94.2111726,3,3,395000,198,1996,2007,1
906 Ravine St,Cave Springs,AR,72718,36.2456017,-94.2174379,2,3,365000,215,1700,2013,1
4707 Willow Ridge Way,Rogers,AR,72758,36.2649906,-94.1831764,4,5,725000,187,3879,2012,1
4813 Willow Ridge Way,Rogers,AR,72758,36.2659601,-94.1820561,4,4,440000,172,2555,2006,1
6216 S 29th St,Rogers,AR,72758,36.2705109,-94.1630942,3,4,640000,212,3014,2014,1
5611 S 43rd St,Bentonville,AR,72758,36.283102,-94.1755747,3,4,482000,220,2191,2001,1
4300 W Worthington Dr,Rogers,AR,72758,36.2860275,-94.1759547,2,4,408900,191,2137,1998,1
5302 S 45th St,Rogers,AR,72758,36.2872421,-94.1805357,2,4,399900,196,2045,1999,1
4606 W Langmead Dr,Rogers,AR,72758,36.268609,-94.1879581,3,4,525000,207,2532,2013,1
4604 W Hillside Dr,Rogers,AR,72758,36.2915724,-94.1824562,3,4,565000,206,2737,2001,1
5101 S 44th St,Rogers,AR,72758,36.2905922,-94.1766148,5,4,867000,207,4180,1998,1
6125 W Pleasant Dr,Rogers,AR,72758,36.2895273,-94.2016452,2,3,323000,210,1541,2001,1
1730 S 14th Pl,Rogers,AR,72758,36.3146753,-94.1398412,2,3,285000,181,1573,1990,1
1504 W Centennial Dr,Rogers,AR,72758,36.3128572,-94.1410806,2,3,310000,194,1596,1991,1
1009 S 19th St,Rogers,AR,72758,36.3221377,-94.1452787,2,3,300000,148,2026,1981,1
914 S 20th St,Rogers,AR,72758,36.3245132,-94.146858,2,4,369000,139,2652,1971,1
2814 W New Hope Rd,Rogers,AR,72758,36.311033,-94.1632342,3,3,800000,271,2953,1979,1
2319 S Matterhorn Blvd,Rogers,AR,72758,36.2994476,-94.1626942,4,4,718000,200,3588,2006,1
702 S 5th St,Rogers,AR,72756,36.3277592,-94.121687,2,3,375000,305,1230,1928,1
510 S 2nd St,Rogers,AR,72756,36.3292454,-94.1183845,2,3,265777,218,1218,1940,1
808 E Olrich St,Rogers,AR,72756,36.3189633,-94.1073483,2,3,240000,184,1303,2001,1
600 E Pinion St,Rogers,AR,72756,36.3216365,-94.1107446,2,3,270000,215,1256,2001,1
501 S 11th Pl,Rogers,AR,72756,36.3298042,-94.1313264,3,3,331806,159,2091,1972,1
1440 Overo Cir,Springdale,AR,72762,36.198636,-94.157195,3,5,470000,138,3400,1975,1
1108 Bronco Ln,Springdale,AR,72762,36.1984665,-94.1486373,2,3,270000,162,1665,1971,1
1562 Thistle Wood Ln,Springdale,AR,72764,36.2013624,-94.1462982,2,4,300000,163,1845,2005,1
2153 Tall Tree Ln,Springdale,AR,72762,36.2064609,-94.1530959,2,3,360000,169,2130,2005,1
1703 Ridgecrest St,Springdale,AR,72762,36.1710908,-94.1694941,3,3,367500,175,2097,1985,1
1405 Ridgecrest St,Springdale,AR,72762,36.1733802,-94.1694141,2,3,306500,150,2050,1980,1
3002 Kay Ln,Springdale,AR,72762,36.2065141,-94.166214,3,4,465000,166,2797,1981,1
2332 Tall Tree Ln,Springdale,AR,72762,36.2070717,-94.1550155,3,4,388883,171,2270,2005,1
2545 Jean St,Springdale,AR,72762,36.1629083,-94.168534,2,3,315000,183,1726,1994,1
1801 Colby Cir,Springdale,AR,72764,36.1686259,-94.1058501,2,3,370500,159,2330,1993,1
1987 Green Acres Cir,Springdale,AR,72764,36.1672997,-94.090111,3,4,327400,151,2164,1987,1
301 Terry Ave,Springdale,AR,72764,36.1556831,-94.1374225,2,3,320000,159,2012,1977,1
497 Bordeaux Ave,Springdale,AR,72764,36.1537205,-94.1279888,3,4,399999,185,2159,2004,1
3503 Belinda Ln,Springdale,AR,72764,36.1532656,-94.117178,2,4,335000,178,1877,2004,1
4260 Tahoe Circle Dr,Springdale,AR,72762,36.1522053,-94.162048,3,5,725000,174,4173,1996,1
2990 Willow Bend Cir,Springdale,AR,72762,36.1494281,-94.1639741,4,4,1150000,304,3787,2003,1
2944 Shadow Crest Ln,Springdale,AR,72762,36.1483517,-94.1632542,3,4,780000,236,3300,2002,1
2204 Cottonwood Pl,Springdale,AR,72762,36.1456248,-94.1594346,2,3,235000,211,1116,1971,1
3065 Loyalty Ln,Springdale,AR,72762,36.14642,-94.167654,5,5,958000,244,3934,2013,1
2632 Bent Trl,Springdale,AR,72762,36.1400768,-94.1618343,3,4,490000,188,2612,1999,1
4887 Cedar Ridge Dr,Springdale,AR,72764,36.1410643,-94.1355874,3,4,430000,174,2468,1997,1
203 Annie Laurie Ave,Springdale,AR,72764,36.1505124,-94.1332051,4,4,420000,110,3811,1977,1
739 N Fallin Ave,Fayetteville,AR,72701,36.0731404,-94.1487573,2,2,375000,298,1260,1997,1
249 E Prospect St,Fayetteville,AR,72701,36.0738691,-94.1547082,2,3,380000,287,1326,1947,1
1156 E Lakefront Dr,Fayetteville,AR,72703,36.0775181,-94.1502968,3,3,785000,321,2445,1965,1
787 E Birwin St,Fayetteville,AR,72703,36.0809245,-94.1474178,2,3,410000,211,1947,2007,1
1788 N Rayview Dr,Fayetteville,AR,72703,36.0860409,-94.1508766,2,3,445000,270,1650,1967,1
1355 E Amber Dr,Fayetteville,AR,72703,36.0881872,-94.1406968,2,3,394000,238,1654,1988,1
1904 N Libby Ln,Fayetteville,AR,72703,36.0871872,-94.1333115,3,4,665000,273,2438,2020,1
1717 E Overcrest St,Fayetteville,AR,72703,36.0911433,-94.1356642,2,4,433000,210,2065,1975,1
860 E Peel St,Fayetteville,AR,72703,36.0936952,-94.1452787,2,3,355000,205,1728,1965,1
1153 E Glenn Ln,Fayetteville,AR,72703,36.1043586,-94.1421201,3,5,511153,184,2779,1967,1
1763 N Hartford Dr,Fayetteville,AR,72701,36.0846661,-94.1076081,3,4,468500,204,2300,2001,1
2725 N Azalea Ter,Fayetteville,AR,72703,36.1003049,-94.1281287,2,3,300000,209,1436,1980,1
2658 N McAllister Aly,Fayetteville,AR,72703,36.099451,-94.130758,3,3,478000,255,1873,2022,1
1363 E Harold St,Fayetteville,AR,72703,36.1094191,-94.1404009,3,5,410000,184,2230,1971,1
2172 E Deer Creek Dr,Fayetteville,AR,72703,36.1101391,-94.1305669,3,3,423880,200,2121,1994,1
2439 E Elaine Ave,Fayetteville,AR,72703,36.1119854,-94.1261702,2,3,380000,206,1844,1976,1
1207 N Shady Ln,Fayetteville,AR,72703,36.0784535,-94.1637364,2,3,475000,309,1536,1946,1
2050 N Dutton Pl,Fayetteville,AR,72703,36.089476,-94.1600719,4,4,679900,256,2656,2023,1
3052 E Crestline Pl,Fayetteville,AR,72701,36.0687782,-94.1183969,4,4,725000,200,3624,2014,1
3263 N Delmonico Dr,Fayetteville,AR,72703,36.1089004,-94.0905902,3,5,590000,200,2943,2009,1
2848 N Peg Ln,Fayetteville,AR,72703,36.103463,-94.1545556,3,3,230000,190,1209,1978,1
3127 N Tartan Way,Fayetteville,AR,72703,36.1088617,-94.1245715,3,3,275500,134,2050,1989,1
1611 E Thornhill Dr,Fayetteville,AR,72703,36.1109279,-94.1372027,2,3,365000,212,1723,1990,1
207 Angel Falls Ln,Springdale,AR,72762,36.187435,-94.196222,4,4,505000,153,3309,2007,1
5561 Little Field Ave,Springdale,AR,72762,36.2060116,-94.1912924,2,3,408273,207,1968,2023,1
519 Concord St,Lowell,AR,72745,36.2629094,-94.140695,2,4,350000,180,1949,1996,1
5743 W Cobbler Pl,Rogers,AR,72758,36.2764887,-94.1777845,4,5,675000,211,3194,2023,1
5206 S 47th St,Rogers,AR,72758,36.2890981,-94.1849203,3,4,560000,224,2500,2000,1
505 W Broadway St,Rogers,AR,72758,36.2875333,-94.125131,2,3,200000,156,1284,2013,1
1717 W Cunningham Ave,Rogers,AR,72758,36.2965137,-94.1430396,3,5,425000,196,2170,2005,1
1272 E State Highway 264,Springdale,AR,72764,36.2253131,-94.1155646,3,4,428000,121,3542,1997,1
1606 S 20th St,Rogers,AR,72758,36.3187007,-94.1471248,2,3,295000,173,1703,1991,1
1110 N Quail Ter,Rogers,AR,72756,36.3457731,-94.1722943,3,3,420000,181,2326,1997,1
817 N Lakeview Dr,Rogers,AR,72756,36.3363515,-94.1055904,2,3,340000,131,2596,1960,1
2 E Crestwood Dr,Rogers,AR,72756,36.3423739,-94.1043319,3,6,465000,95,4896,1973,1
1103 N Overlook Dr,Rogers,AR,72756,36.3432333,-94.0983594,3,4,460000,181,2541,2000,1
1116 E Prairie Creek Dr,Rogers,AR,72756,36.3437423,-94.0858456,2,3,460000,186,2472,1990,1
2701 W Sayre Ln,Rogers,AR,72758,36.3329486,-94.152836,2,4,359799,159,2263,1972,1
1813 SW Pine Ave,Bentonville,AR,72713,36.3343145,-94.2333555,3,5,427000,167,2550,2002,1
1101 Thornridge Rd,Bentonville,AR,72713,36.3405291,-94.2542098,4,5,455000,162,2816,2006,1
1907 SW Fremont St,Bentonville,AR,72713,36.3519657,-94.2372825,2,3,330000,190,1739,2003,1
6307 SW Beacon St,Bentonville,AR,72713,36.311817,-94.25043,3,4,475000,196,2424,2023,1
1000 Lakeview Dr,Centerton,AR,72719,36.3530395,-94.2676496,2,3,399000,201,1983,2021,1
1230 Brandon Way,Bentonville,AR,72712,36.3420176,-94.2639627,3,4,489000,190,2569,2017,1
700 SW Sterling Pl,Bentonville,AR,72712,36.3682968,-94.2495783,3,4,455000,164,2775,2005,1
832 McCann Rd,Rogers,AR,72758,36.2972731,-94.1037526,2,3,315000,203,1555,2002,1
2904 E Blue Hill Dr,Rogers,AR,72758,36.3074486,-94.0855778,2,4,399500,187,2141,1991,1
2209 S 9th St,Rogers,AR,72758,36.297692,-94.1277787,2,3,300000,190,1575,2023,1
2455 Sequoyah Dr,Rogers,AR,72758,36.3031214,-94.0853981,2,3,385000,213,1808,1986,1
2600 E Pleasant Ln,Rogers,AR,72758,36.3057604,-94.0879742,3,4,379000,159,2383,1977,1
1206 W Cunningham Ave,Rogers,AR,72758,36.2957657,-94.1347042,2,3,275000,204,1350,2011,1
4604 W Knoll View Way,Rogers,AR,72758,36.2888089,-94.1822729,3,3,495000,190,2606,2000,1
4500 W Hillside Dr,Rogers,AR,72758,36.2914898,-94.1799755,5,5,720000,185,3882,2000,1
2310 Pleasant Ridge Rd,Rogers,AR,72756,36.3178873,-94.089372,2,4,310000,140,2217,1997,1
13764 Sassafras Cir,Rogers,AR,72756,36.3240143,-94.0777119,2,2,406000,210,1932,2002,1
809 S Riviera Dr,Rogers,AR,72758,36.3303297,-94.1601145,2,3,325000,194,1672,1985,1
5433 W Chardonnay Ct,Rogers,AR,72758,36.3221019,-94.1949297,4,4,669500,199,3368,2005,1
108 Woodcliff Ln,Rogers,AR,72756,36.3316549,-94.0915488,3,3,490750,191,2564,1988,1
1104 E Hilltop Dr,Rogers,AR,72756,36.3473455,-94.0991983,4,5,445000,163,2730,1997,1
1006 N Dove Dr,Rogers,AR,72756,36.3446938,-94.1790153,2,4,356000,180,1979,1986,1
1908 SE Clark St,Bentonville,AR,72712,36.3535468,-94.1893282,2,2,330000,201,1639,2003,1
1301 Convair St,Bentonville,AR,72712,36.3578435,-94.1871778,2,3,338500,306,1107,1968,1
1510 W Kelley Dr,Rogers,AR,72756,36.3593176,-94.1399012,2,3,390000,186,2098,2016,1
2912 N 14th St,Rogers,AR,72756,36.3601343,-94.1358235,3,3,396000,180,2198,2016,1
605 Paradise Way,Bentonville,AR,72712,36.366264,-94.1782952,2,4,466000,241,1934,1998,1
2706 Pleasant View Ln,Bentonville,AR,72712,36.3683978,-94.1782752,2,3,440000,253,1737,1995,1
5004 SW Go Green Ave,Bentonville,AR,72712,36.3639995,-94.268872,3,4,399900,144,2774,2018,1
409 SW Barn Valley Rd,Bentonville,AR,72712,36.3674978,-94.2554278,2,3,410000,228,1802,2010,1
3102 Peach Blossom,Bentonville,AR,72712,36.3726101,-94.2458526,3,3,380500,161,2360,1993,1
3004 NW Apple Harvest,Bentonville,AR,72712,36.3752233,-94.2448111,2,4,415000,205,2027,1999,1
450 Curtis St,Centerton,AR,72719,36.361451,-94.2781506,2,3,325000,177,1832,2005,1
231 Florence Dr,Centerton,AR,72719,36.379782,-94.2810568,5,4,625000,192,3248,2015,1
531 Morgan St,Centerton,AR,72719,36.378997,-94.29008,3,4,517020,210,2462,2023,1
10866 Easy St,Bentonville,AR,72712,36.3811878,-94.2682908,3,3,550000,302,1824,1980,1
1020 Leigh St,Centerton,AR,72719,36.3693902,-94.2982366,3,3,410000,170,2408,2021,1
803 NW 9th St,Bentonville,AR,72712,36.3812615,-94.218539,2,4,400000,260,1536,1998,1
1402 NW K St,Bentonville,AR,72712,36.3883811,-94.224405,2,3,425000,209,2030,1989,1
2402 Trails End Dr,Bentonville,AR,72712,36.383134,-94.1838166,3,4,420000,199,2106,1980,1
3903 NE Nightingale,Bentonville,AR,72712,36.3848846,-94.1650941,4,4,750000,210,3577,2003,1
3800 NE Oakbrooke Ave,Bentonville,AR,72712,36.3888912,-94.166454,3,4,540000,245,2202,2017,1
2103 Chaucer,Bentonville,AR,72712,36.393074,-94.174787,5,4,625000,171,3660,2024,1
5 Geyer Rd,Bentonville,AR,72712,36.3959707,-94.225306,2,3,472000,225,2096,1994,1
961 Harvest St,Centerton,AR,72719,36.3711707,-94.2899979,2,4,360000,182,1983,2006,1
600 Bronco St,Centerton,AR,72719,36.378717,-94.290633,3,4,549500,212,2594,2023,1
13934 Pyramid Dr,Rogers,AR,72758,36.2849029,-94.0740571,2,3,350000,175,2003,1997,1
1404 W Gum St,Rogers,AR,72758,36.3202469,-94.1388418,3,4,420000,190,2208,2017,1
5307 S Bellview Rd,Rogers,AR,72758,36.285991,-94.171162,3,4,516500,230,2244,1994,1
1702 S B St,Rogers,AR,72756,36.3153008,-94.1155396,2,3,242000,194,1248,1996,1
2922 E Whippoorwill Ln,Fayetteville,AR,72701,36.0835131,-94.1196157,2,4,415000,171,2425,1994,1
2760 N Oakland Zion Rd,Fayetteville,AR,72703,36.1004464,-94.0998575,3,3,540000,202,2679,1993,1
540 E Lakeridge Dr,Fayetteville,AR,72703,36.0792921,-94.1498769,2,4,450000,225,2003,1970,1
321 & 319 W Center St,Fayetteville,AR,72701,36.0624945,-94.164125,5,5,725000,219,3312,1905,1
3406 N Par Ct,Fayetteville,AR,72703,36.1128336,-94.1218338,4,5,628900,210,3000,1993,1
700 E Dogwood Ln,Fayetteville,AR,72701,36.0677649,-94.1484774,3,3,400000,270,1481,1966,1
108 N Hartman Ave,Fayetteville,AR,72701,36.0646296,-94.1838766,2,3,344000,202,1701,1962,1
2518 N Candlewood Dr,Fayetteville,AR,72703,36.0967084,-94.1174378,10,5,2950000,334,8833,2007,1
3016 N Quail Creek Dr,Fayetteville,AR,72703,36.1064513,-94.1588347,2,3,341500,216,1583,1991,1
774 S Cherry Ln,Fayetteville,AR,72701,36.0542406,-94.1311265,2,4,250000,177,1416,1994,1
16729 Summer Rain Rd,Fayetteville,AR,72701,36.0666252,-94.0595251,4,4,665000,222,3000,2019,1
4722 N Rockledge Dr,Fayetteville,AR,72764,36.1355402,-94.1053107,3,4,560000,178,3152,2007,1
18944 Sonora Rd,Springdale,AR,72764,36.1433569,-94.0667108,4,4,565000,180,3144,2001,1
5546 Sugarloaf Ave,Springdale,AR,72764,36.1533121,-94.0697148,2,3,255900,208,1233,2023,1
120 San Jose Dr,Springdale,AR,72764,36.13705,-94.1519763,3,3,365000,154,2372,1989,1
1603 Delaware Pl,Springdale,AR,72764,36.1587292,-94.1479576,2,3,256000,173,1478,1970,1
1959 Spring Creek Ave,Springdale,AR,72764,36.1551873,-94.1099255,2,4,350000,177,1973,2005,1
2499 Tulip Tree Dr,Springdale,AR,72764,36.163444,-94.065954,3,3,940000,234,4014,1990,1
1353 E Clear Crk,Springdale,AR,72764,36.1434009,-94.1170182,3,2,320000,174,1836,1989,1
701 Fairway Cir,Springdale,AR,72764,36.1457675,-94.1399811,5,5,849000,162,5240,1992,0
20198 Fawn Rd,Springdale,AR,72764,36.1649657,-94.0590461,4,4,595000,187,3178,2018,1
511 Cortland St,Bentonville,AR,72712,36.400970,-94.289050,2,4,405000,195,2076,2020,1